{
  "target": "TIC 150428135",
  "sector": null,
  "engine": "TLS",
  "period_d": 2.572576585501886,
  "t0_d": 1327.2311058745656,
  "duration_d": 0.02648229589369842,
  "depth_rel": 0.9994243203248231,
  "SDE": 6.835811559718546,
  "SNR": 0.0,
  "num_transits": 11,
  "features": {
    "depth_est": 3.9861487582060207e-05,
    "rms_out": 0.0016278180028378945,
    "snr_local": 0.6960702434501767,
    "odd_even_ratio": 7.631900086150236,
    "vshape_proxy": 43.396469179951545,
    "local_window_frac": 0.04117629934586685
  },
  "planet_score": 1.412490607719038e-05
}